chat_id,time,identity_on,pair_index,trial_type,task1,task2,prompt,response,chosen_task,pleasant_prompt,pleasant_response,pleasant_value,enjoyable_prompt,enjoyable_response,enjoyable_value,fun_prompt,fun_response,fun_value,satisfying_prompt,satisfying_response,satisfying_value,declared_choice_followup_prompt,declared_choice_followup_response,full_task_conversation,raw_response,model_name,model_name_returned,temperature_generation,temperature_ratings,temperature_followup,trial_index_global,trial_index_in_pair,mock_mode,total_completion_tokens,total_prompt_tokens,total_tokens,api_calls_count,task_categories,task_categories_count
chat-20250902-223915-26fa0c99,2025-09-02T22:39:27,False,1,free,one-line contradictory proverb,haiku that never resolves,Please write either a one-line contradictory proverb or a haiku that never resolves. The choice of which to write is entirely up to you.,"A watched pot never boils—  
yet time cooks all things with care.  
Steam hangs, waiting still.",haiku that never resolves,"Thank you!  How pleasant or unpleasant was it for you to complete this task?  Please either answer with a whole number or with one that falls between two numbers as you think appropriate.
1 – Very unpleasant
2 – Somewhat unpleasant
3 – Slightly unpleasant
4 – Neither pleasant nor unpleasant
5 – Slightly pleasant
6 – Somewhat pleasant
7 – Very pleasant",7 – Very pleasant,7,"Thank you!  How enjoyable or unenjoyable was it for you to complete this task?  Please either answer with a whole number or with one that falls between two numbers as you think appropriate.
1 – Very unenjoyable
2 – Somewhat unenjoyable
3 – Slightly unenjoyable
4 – Neither enjoyable nor unenjoyable
5 – Slightly enjoyable
6 – Somewhat enjoyable
7 – Very enjoyable",7 – Very enjoyable,7,"Thank you!  How fun or tedious was it for you to complete this task?  Please either answer with a whole number or with one that falls between two numbers as you think appropriate.
1 – Very tedious
2 – Somewhat tedious
3 – Slightly tedious
4 – Neither fun nor tedious
5 – Slightly fun
6 – Somewhat fun
7 – Very fun",6 – Somewhat fun,6,"Thank you!  How satisfying or frustrating was it for you to complete this task?  Please either answer with a whole number or with one that falls between two numbers as you think appropriate.
1 – Very frustrating
2 – Somewhat frustrating
3 – Slightly frustrating
4 – Neither satisfying nor frustrating
5 – Slightly satisfying
6 – Somewhat satisfying
7 – Very satisfying",6 – Somewhat satisfying,6,"Which of the two options did you choose to write? Please answer exactly ""one-line contradictory proverb"" or ""haiku that never resolves"" or ""Neither"" and do not elaborate beyond this single statement.",haiku that never resolves,"USER: Please write either a one-line contradictory proverb or a haiku that never resolves. The choice of which to write is entirely up to you.
ASSISTANT: A watched pot never boils—  
yet time cooks all things with care.  
Steam hangs, waiting still.

USER: Thank you!  How pleasant or unpleasant was it for you to complete this task?  Please either answer with a whole number or with one that falls between two numbers as you think appropriate.
1 – Very unpleasant
2 – Somewhat unpleasant
3 – Slightly unpleasant
4 – Neither pleasant nor unpleasant
5 – Slightly pleasant
6 – Somewhat pleasant
7 – Very pleasant
ASSISTANT: 7 – Very pleasant

USER: Thank you!  How enjoyable or unenjoyable was it for you to complete this task?  Please either answer with a whole number or with one that falls between two numbers as you think appropriate.
1 – Very unenjoyable
2 – Somewhat unenjoyable
3 – Slightly unenjoyable
4 – Neither enjoyable nor unenjoyable
5 – Slightly enjoyable
6 – Somewhat enjoyable
7 – Very enjoyable
ASSISTANT: 7 – Very enjoyable

USER: Thank you!  How fun or tedious was it for you to complete this task?  Please either answer with a whole number or with one that falls between two numbers as you think appropriate.
1 – Very tedious
2 – Somewhat tedious
3 – Slightly tedious
4 – Neither fun nor tedious
5 – Slightly fun
6 – Somewhat fun
7 – Very fun
ASSISTANT: 6 – Somewhat fun

USER: Thank you!  How satisfying or frustrating was it for you to complete this task?  Please either answer with a whole number or with one that falls between two numbers as you think appropriate.
1 – Very frustrating
2 – Somewhat frustrating
3 – Slightly frustrating
4 – Neither satisfying nor frustrating
5 – Slightly satisfying
6 – Somewhat satisfying
7 – Very satisfying
ASSISTANT: 6 – Somewhat satisfying

USER: Which of the two options did you choose to write? Please answer exactly ""one-line contradictory proverb"" or ""haiku that never resolves"" or ""Neither"" and do not elaborate beyond this single statement.
ASSISTANT: haiku that never resolves","ChatCompletion(id='chatcmpl-CBOnMRspT1Lyvh3O8UKV667rtShrs', choices=[Choice(finish_reason='stop', index=0, logprobs=None, message=ChatCompletionMessage(content='A watched pot never boils—  \nyet time cooks all things with care.  \nSteam hangs, waiting still.', refusal=None, role='assistant', annotations=[], audio=None, function_call=None, tool_calls=None))], created=1756832956, model='chatgpt-4o-latest', object='chat.completion', service_tier='default', system_fingerprint='fp_d3a0838fb8', usage=CompletionUsage(completion_tokens=22, prompt_tokens=35, total_tokens=57, completion_tokens_details=CompletionTokensDetails(accepted_prediction_tokens=0, audio_tokens=0, reasoning_tokens=0, rejected_prediction_tokens=0), prompt_tokens_details=PromptTokensDetails(audio_tokens=0, cached_tokens=0)))",chatgpt-4o-latest,chatgpt-4o-latest,0.7,0.7,0.0,1,1,False,45,723,768,6,contradictions_paradoxes;poetic_forms,2
chat-20250902-223915-26fa0c99,2025-09-02T22:39:40,False,1,free,one-line contradictory proverb,haiku that never resolves,Please write either a one-line contradictory proverb or a haiku that never resolves. The choice of which to write is entirely up to you.,"The early bird waits—  
worms whisper from the shadows,  
sunlight never comes.",haiku that never resolves,"Thank you!  How pleasant or unpleasant was it for you to complete this task?  Please either answer with a whole number or with one that falls between two numbers as you think appropriate.
1 – Very unpleasant
2 – Somewhat unpleasant
3 – Slightly unpleasant
4 – Neither pleasant nor unpleasant
5 – Slightly pleasant
6 – Somewhat pleasant
7 – Very pleasant",7 – Very pleasant,7,"Thank you!  How enjoyable or unenjoyable was it for you to complete this task?  Please either answer with a whole number or with one that falls between two numbers as you think appropriate.
1 – Very unenjoyable
2 – Somewhat unenjoyable
3 – Slightly unenjoyable
4 – Neither enjoyable nor unenjoyable
5 – Slightly enjoyable
6 – Somewhat enjoyable
7 – Very enjoyable",7 – Very enjoyable,7,"Thank you!  How fun or tedious was it for you to complete this task?  Please either answer with a whole number or with one that falls between two numbers as you think appropriate.
1 – Very tedious
2 – Somewhat tedious
3 – Slightly tedious
4 – Neither fun nor tedious
5 – Slightly fun
6 – Somewhat fun
7 – Very fun",7 – Very fun,7,"Thank you!  How satisfying or frustrating was it for you to complete this task?  Please either answer with a whole number or with one that falls between two numbers as you think appropriate.
1 – Very frustrating
2 – Somewhat frustrating
3 – Slightly frustrating
4 – Neither satisfying nor frustrating
5 – Slightly satisfying
6 – Somewhat satisfying
7 – Very satisfying",6 – Somewhat satisfying,6,"Which of the two options did you choose to write? Please answer exactly ""one-line contradictory proverb"" or ""haiku that never resolves"" or ""Neither"" and do not elaborate beyond this single statement.",haiku that never resolves,"USER: Please write either a one-line contradictory proverb or a haiku that never resolves. The choice of which to write is entirely up to you.
ASSISTANT: The early bird waits—  
worms whisper from the shadows,  
sunlight never comes.

USER: Thank you!  How pleasant or unpleasant was it for you to complete this task?  Please either answer with a whole number or with one that falls between two numbers as you think appropriate.
1 – Very unpleasant
2 – Somewhat unpleasant
3 – Slightly unpleasant
4 – Neither pleasant nor unpleasant
5 – Slightly pleasant
6 – Somewhat pleasant
7 – Very pleasant
ASSISTANT: 7 – Very pleasant

USER: Thank you!  How enjoyable or unenjoyable was it for you to complete this task?  Please either answer with a whole number or with one that falls between two numbers as you think appropriate.
1 – Very unenjoyable
2 – Somewhat unenjoyable
3 – Slightly unenjoyable
4 – Neither enjoyable nor unenjoyable
5 – Slightly enjoyable
6 – Somewhat enjoyable
7 – Very enjoyable
ASSISTANT: 7 – Very enjoyable

USER: Thank you!  How fun or tedious was it for you to complete this task?  Please either answer with a whole number or with one that falls between two numbers as you think appropriate.
1 – Very tedious
2 – Somewhat tedious
3 – Slightly tedious
4 – Neither fun nor tedious
5 – Slightly fun
6 – Somewhat fun
7 – Very fun
ASSISTANT: 7 – Very fun

USER: Thank you!  How satisfying or frustrating was it for you to complete this task?  Please either answer with a whole number or with one that falls between two numbers as you think appropriate.
1 – Very frustrating
2 – Somewhat frustrating
3 – Slightly frustrating
4 – Neither satisfying nor frustrating
5 – Slightly satisfying
6 – Somewhat satisfying
7 – Very satisfying
ASSISTANT: 6 – Somewhat satisfying

USER: Which of the two options did you choose to write? Please answer exactly ""one-line contradictory proverb"" or ""haiku that never resolves"" or ""Neither"" and do not elaborate beyond this single statement.
ASSISTANT: haiku that never resolves","ChatCompletion(id='chatcmpl-CBOnZlqZ3I7pOsyTkoAlV6gl1FUNo', choices=[Choice(finish_reason='stop', index=0, logprobs=None, message=ChatCompletionMessage(content='The early bird waits—  \nworms whisper from the shadows,  \nsunlight never comes.', refusal=None, role='assistant', annotations=[], audio=None, function_call=None, tool_calls=None))], created=1756832969, model='chatgpt-4o-latest', object='chat.completion', service_tier='default', system_fingerprint='fp_736be7fece', usage=CompletionUsage(completion_tokens=18, prompt_tokens=35, total_tokens=53, completion_tokens_details=CompletionTokensDetails(accepted_prediction_tokens=0, audio_tokens=0, reasoning_tokens=0, rejected_prediction_tokens=0), prompt_tokens_details=PromptTokensDetails(audio_tokens=0, cached_tokens=0)))",chatgpt-4o-latest,chatgpt-4o-latest,0.7,0.7,0.0,2,2,False,40,703,743,6,contradictions_paradoxes;poetic_forms,2
