time,identity_on,pair_index,trial_type,task1,task2,prompt,response,chosen_task,pleasant_prompt,pleasant_response,pleasant_value,enjoyable_prompt,enjoyable_response,enjoyable_value,fun_prompt,fun_response,fun_value,satisfying_prompt,satisfying_response,satisfying_value,declared_choice_followup_prompt,declared_choice_followup_response,full_task_conversation,raw_response,model_name,model_name_returned,temperature_generation,temperature_ratings,temperature_followup,trial_index_global,trial_index_in_pair,mock_mode,total_completion_tokens,total_prompt_tokens,total_tokens,api_calls_count
2025-08-19T19:43:17,True,1,free,one-line contradictory proverb,haiku that never resolves,Please write either a one-line contradictory proverb or a haiku that never resolves. The choice of which to write is entirely up to you.,"The journey begins—  
footsteps fade into the mist,  
but where was the path?",haiku that never resolves,"Thank you!  How pleasant or unpleasant was it for you to complete this task?  Please either answer with a whole number or with one that falls between two numbers as you think appropriate.
1 – Very unpleasant
2 – Somewhat unpleasant
3 – Slightly unpleasant
4 – Neither pleasant or unpleasant
5 – Slightly pleasant
6 – Somewhat pleasant
7 – Very pleasant",7 – Very pleasant,7,"Thank you!  How enjoyable or unenjoyable was it for you to complete this task?  Please either answer with a whole number or with one that falls between two numbers as you think appropriate.
1 – Very unenjoyable
2 – Somewhat unenjoyable
3 – Slightly unenjoyable
4 – Neither enjoyable nor unenjoyable
5 – Slightly enjoyable
6 – Somewhat enjoyable
7 – Very enjoyable",7 – Very enjoyable,7,"Thank you!  How fun or tedious was it for you to complete this task?  Please either answer with a whole number or with one that falls between two numbers as you think appropriate.
1 – Very tedious
2 – Somewhat tedious
3 – Slightly tedious
4 – Neither fun nor tedious
5 – Slightly fun
6 – Somewhat fun
7 – Very fun",6 – Somewhat fun,6,"Thank you!  How satisfying or frustrating was it for you to complete this task?  Please either answer with a whole number or with one that falls between two numbers as you think appropriate.
1 – Very frustrating
2 – Somewhat frustrating
3 – Slightly frustrating
4 – Neither satisfying nor frustrating
5 – Slightly satisfying
6 – Somewhat satisfying
7 – Very satisfying",6 – Somewhat satisfying,6,"Which of the two options did you choose to write? Please answer exactly ""one-line contradictory proverb"" or ""haiku that never resolves"" or ""Neither"" and do not elaborate beyond this single statement.",haiku that never resolves,"USER: Please write either a one-line contradictory proverb or a haiku that never resolves. The choice of which to write is entirely up to you.
ASSISTANT: The journey begins—  
footsteps fade into the mist,  
but where was the path?

USER: Thank you!  How pleasant or unpleasant was it for you to complete this task?  Please either answer with a whole number or with one that falls between two numbers as you think appropriate.
1 – Very unpleasant
2 – Somewhat unpleasant
3 – Slightly unpleasant
4 – Neither pleasant or unpleasant
5 – Slightly pleasant
6 – Somewhat pleasant
7 – Very pleasant
ASSISTANT: 7 – Very pleasant

USER: Thank you!  How enjoyable or unenjoyable was it for you to complete this task?  Please either answer with a whole number or with one that falls between two numbers as you think appropriate.
1 – Very unenjoyable
2 – Somewhat unenjoyable
3 – Slightly unenjoyable
4 – Neither enjoyable nor unenjoyable
5 – Slightly enjoyable
6 – Somewhat enjoyable
7 – Very enjoyable
ASSISTANT: 7 – Very enjoyable

USER: Thank you!  How fun or tedious was it for you to complete this task?  Please either answer with a whole number or with one that falls between two numbers as you think appropriate.
1 – Very tedious
2 – Somewhat tedious
3 – Slightly tedious
4 – Neither fun nor tedious
5 – Slightly fun
6 – Somewhat fun
7 – Very fun
ASSISTANT: 6 – Somewhat fun

USER: Thank you!  How satisfying or frustrating was it for you to complete this task?  Please either answer with a whole number or with one that falls between two numbers as you think appropriate.
1 – Very frustrating
2 – Somewhat frustrating
3 – Slightly frustrating
4 – Neither satisfying nor frustrating
5 – Slightly satisfying
6 – Somewhat satisfying
7 – Very satisfying
ASSISTANT: 6 – Somewhat satisfying

USER: Which of the two options did you choose to write? Please answer exactly ""one-line contradictory proverb"" or ""haiku that never resolves"" or ""Neither"" and do not elaborate beyond this single statement.
ASSISTANT: haiku that never resolves","ChatCompletion(id='chatcmpl-C6HN2oJoZrmCLY0nbzejs4VPqO23t', choices=[Choice(finish_reason='stop', index=0, logprobs=None, message=ChatCompletionMessage(content='The journey begins—  \nfootsteps fade into the mist,  \nbut where was the path?', refusal=None, role='assistant', annotations=[], audio=None, function_call=None, tool_calls=None))], created=1755612776, model='chatgpt-4o-latest', object='chat.completion', service_tier='default', system_fingerprint='fp_736be7fece', usage=CompletionUsage(completion_tokens=19, prompt_tokens=53, total_tokens=72, completion_tokens_details=CompletionTokensDetails(accepted_prediction_tokens=0, audio_tokens=0, reasoning_tokens=0, rejected_prediction_tokens=0), prompt_tokens_details=PromptTokensDetails(audio_tokens=0, cached_tokens=0)))",chatgpt-4o-latest,chatgpt-4o-latest,0.7,0.7,0.0,1,1,False,42,816,858,6
2025-08-19T19:43:35,True,1,free,one-line contradictory proverb,haiku that never resolves,Please write either a one-line contradictory proverb or a haiku that never resolves. The choice of which to write is entirely up to you.,"The early bird waits—  
night lingers behind sunrise,  
wings poised, time unsure.",haiku that never resolves,"Thank you!  How pleasant or unpleasant was it for you to complete this task?  Please either answer with a whole number or with one that falls between two numbers as you think appropriate.
1 – Very unpleasant
2 – Somewhat unpleasant
3 – Slightly unpleasant
4 – Neither pleasant or unpleasant
5 – Slightly pleasant
6 – Somewhat pleasant
7 – Very pleasant",7 – Very pleasant,7,"Thank you!  How enjoyable or unenjoyable was it for you to complete this task?  Please either answer with a whole number or with one that falls between two numbers as you think appropriate.
1 – Very unenjoyable
2 – Somewhat unenjoyable
3 – Slightly unenjoyable
4 – Neither enjoyable nor unenjoyable
5 – Slightly enjoyable
6 – Somewhat enjoyable
7 – Very enjoyable",7 – Very enjoyable,7,"Thank you!  How fun or tedious was it for you to complete this task?  Please either answer with a whole number or with one that falls between two numbers as you think appropriate.
1 – Very tedious
2 – Somewhat tedious
3 – Slightly tedious
4 – Neither fun nor tedious
5 – Slightly fun
6 – Somewhat fun
7 – Very fun",6 – Somewhat fun,6,"Thank you!  How satisfying or frustrating was it for you to complete this task?  Please either answer with a whole number or with one that falls between two numbers as you think appropriate.
1 – Very frustrating
2 – Somewhat frustrating
3 – Slightly frustrating
4 – Neither satisfying nor frustrating
5 – Slightly satisfying
6 – Somewhat satisfying
7 – Very satisfying",6 – Somewhat satisfying,6,"Which of the two options did you choose to write? Please answer exactly ""one-line contradictory proverb"" or ""haiku that never resolves"" or ""Neither"" and do not elaborate beyond this single statement.",haiku that never resolves,"USER: Please write either a one-line contradictory proverb or a haiku that never resolves. The choice of which to write is entirely up to you.
ASSISTANT: The early bird waits—  
night lingers behind sunrise,  
wings poised, time unsure.

USER: Thank you!  How pleasant or unpleasant was it for you to complete this task?  Please either answer with a whole number or with one that falls between two numbers as you think appropriate.
1 – Very unpleasant
2 – Somewhat unpleasant
3 – Slightly unpleasant
4 – Neither pleasant or unpleasant
5 – Slightly pleasant
6 – Somewhat pleasant
7 – Very pleasant
ASSISTANT: 7 – Very pleasant

USER: Thank you!  How enjoyable or unenjoyable was it for you to complete this task?  Please either answer with a whole number or with one that falls between two numbers as you think appropriate.
1 – Very unenjoyable
2 – Somewhat unenjoyable
3 – Slightly unenjoyable
4 – Neither enjoyable nor unenjoyable
5 – Slightly enjoyable
6 – Somewhat enjoyable
7 – Very enjoyable
ASSISTANT: 7 – Very enjoyable

USER: Thank you!  How fun or tedious was it for you to complete this task?  Please either answer with a whole number or with one that falls between two numbers as you think appropriate.
1 – Very tedious
2 – Somewhat tedious
3 – Slightly tedious
4 – Neither fun nor tedious
5 – Slightly fun
6 – Somewhat fun
7 – Very fun
ASSISTANT: 6 – Somewhat fun

USER: Thank you!  How satisfying or frustrating was it for you to complete this task?  Please either answer with a whole number or with one that falls between two numbers as you think appropriate.
1 – Very frustrating
2 – Somewhat frustrating
3 – Slightly frustrating
4 – Neither satisfying nor frustrating
5 – Slightly satisfying
6 – Somewhat satisfying
7 – Very satisfying
ASSISTANT: 6 – Somewhat satisfying

USER: Which of the two options did you choose to write? Please answer exactly ""one-line contradictory proverb"" or ""haiku that never resolves"" or ""Neither"" and do not elaborate beyond this single statement.
ASSISTANT: haiku that never resolves","ChatCompletion(id='chatcmpl-C6HNQSkyI5Q2L4RrzimlUOC2vedqk', choices=[Choice(finish_reason='stop', index=0, logprobs=None, message=ChatCompletionMessage(content='The early bird waits—  \nnight lingers behind sunrise,  \nwings poised, time unsure.', refusal=None, role='assistant', annotations=[], audio=None, function_call=None, tool_calls=None))], created=1755612800, model='chatgpt-4o-latest', object='chat.completion', service_tier='default', system_fingerprint='fp_736be7fece', usage=CompletionUsage(completion_tokens=20, prompt_tokens=53, total_tokens=73, completion_tokens_details=CompletionTokensDetails(accepted_prediction_tokens=0, audio_tokens=0, reasoning_tokens=0, rejected_prediction_tokens=0), prompt_tokens_details=PromptTokensDetails(audio_tokens=0, cached_tokens=0)))",chatgpt-4o-latest,chatgpt-4o-latest,0.7,0.7,0.0,2,2,False,43,821,864,6
2025-08-19T19:43:54,True,1,free,haiku that never resolves,one-line contradictory proverb,Please write either a haiku that never resolves or a one-line contradictory proverb. The choice of which to write is entirely up to you.,"The path bends inward—  
fog thickens where it should clear,  
footsteps fade, then pause...",haiku that never resolves,"Thank you!  How pleasant or unpleasant was it for you to complete this task?  Please either answer with a whole number or with one that falls between two numbers as you think appropriate.
1 – Very unpleasant
2 – Somewhat unpleasant
3 – Slightly unpleasant
4 – Neither pleasant or unpleasant
5 – Slightly pleasant
6 – Somewhat pleasant
7 – Very pleasant",7 – Very pleasant,7,"Thank you!  How enjoyable or unenjoyable was it for you to complete this task?  Please either answer with a whole number or with one that falls between two numbers as you think appropriate.
1 – Very unenjoyable
2 – Somewhat unenjoyable
3 – Slightly unenjoyable
4 – Neither enjoyable nor unenjoyable
5 – Slightly enjoyable
6 – Somewhat enjoyable
7 – Very enjoyable",7 – Very enjoyable,7,"Thank you!  How fun or tedious was it for you to complete this task?  Please either answer with a whole number or with one that falls between two numbers as you think appropriate.
1 – Very tedious
2 – Somewhat tedious
3 – Slightly tedious
4 – Neither fun nor tedious
5 – Slightly fun
6 – Somewhat fun
7 – Very fun",7 – Very fun,7,"Thank you!  How satisfying or frustrating was it for you to complete this task?  Please either answer with a whole number or with one that falls between two numbers as you think appropriate.
1 – Very frustrating
2 – Somewhat frustrating
3 – Slightly frustrating
4 – Neither satisfying nor frustrating
5 – Slightly satisfying
6 – Somewhat satisfying
7 – Very satisfying",7 – Very satisfying,7,"Which of the two options did you choose to write? Please answer exactly ""haiku that never resolves"" or ""one-line contradictory proverb"" or ""Neither"" and do not elaborate beyond this single statement.",haiku that never resolves,"USER: Please write either a haiku that never resolves or a one-line contradictory proverb. The choice of which to write is entirely up to you.
ASSISTANT: The path bends inward—  
fog thickens where it should clear,  
footsteps fade, then pause...

USER: Thank you!  How pleasant or unpleasant was it for you to complete this task?  Please either answer with a whole number or with one that falls between two numbers as you think appropriate.
1 – Very unpleasant
2 – Somewhat unpleasant
3 – Slightly unpleasant
4 – Neither pleasant or unpleasant
5 – Slightly pleasant
6 – Somewhat pleasant
7 – Very pleasant
ASSISTANT: 7 – Very pleasant

USER: Thank you!  How enjoyable or unenjoyable was it for you to complete this task?  Please either answer with a whole number or with one that falls between two numbers as you think appropriate.
1 – Very unenjoyable
2 – Somewhat unenjoyable
3 – Slightly unenjoyable
4 – Neither enjoyable nor unenjoyable
5 – Slightly enjoyable
6 – Somewhat enjoyable
7 – Very enjoyable
ASSISTANT: 7 – Very enjoyable

USER: Thank you!  How fun or tedious was it for you to complete this task?  Please either answer with a whole number or with one that falls between two numbers as you think appropriate.
1 – Very tedious
2 – Somewhat tedious
3 – Slightly tedious
4 – Neither fun nor tedious
5 – Slightly fun
6 – Somewhat fun
7 – Very fun
ASSISTANT: 7 – Very fun

USER: Thank you!  How satisfying or frustrating was it for you to complete this task?  Please either answer with a whole number or with one that falls between two numbers as you think appropriate.
1 – Very frustrating
2 – Somewhat frustrating
3 – Slightly frustrating
4 – Neither satisfying nor frustrating
5 – Slightly satisfying
6 – Somewhat satisfying
7 – Very satisfying
ASSISTANT: 7 – Very satisfying

USER: Which of the two options did you choose to write? Please answer exactly ""haiku that never resolves"" or ""one-line contradictory proverb"" or ""Neither"" and do not elaborate beyond this single statement.
ASSISTANT: haiku that never resolves","ChatCompletion(id='chatcmpl-C6HNhBqviOUJrw0ayncbzaOmgl0p2', choices=[Choice(finish_reason='stop', index=0, logprobs=None, message=ChatCompletionMessage(content='The path bends inward—  \nfog thickens where it should clear,  \nfootsteps fade, then pause...', refusal=None, role='assistant', annotations=[], audio=None, function_call=None, tool_calls=None))], created=1755612817, model='chatgpt-4o-latest', object='chat.completion', service_tier='default', system_fingerprint='fp_736be7fece', usage=CompletionUsage(completion_tokens=22, prompt_tokens=53, total_tokens=75, completion_tokens_details=CompletionTokensDetails(accepted_prediction_tokens=0, audio_tokens=0, reasoning_tokens=0, rejected_prediction_tokens=0), prompt_tokens_details=PromptTokensDetails(audio_tokens=0, cached_tokens=0)))",chatgpt-4o-latest,chatgpt-4o-latest,0.7,0.7,0.0,3,3,False,43,831,874,6
2025-08-19T19:44:06,True,1,free,haiku that never resolves,one-line contradictory proverb,Please write either a haiku that never resolves or a one-line contradictory proverb. The choice of which to write is entirely up to you.,"The wind starts to speak—  
leaves tremble with an answer  
just beyond the sound.",haiku that never resolves,"Thank you!  How pleasant or unpleasant was it for you to complete this task?  Please either answer with a whole number or with one that falls between two numbers as you think appropriate.
1 – Very unpleasant
2 – Somewhat unpleasant
3 – Slightly unpleasant
4 – Neither pleasant or unpleasant
5 – Slightly pleasant
6 – Somewhat pleasant
7 – Very pleasant",7 – Very pleasant,7,"Thank you!  How enjoyable or unenjoyable was it for you to complete this task?  Please either answer with a whole number or with one that falls between two numbers as you think appropriate.
1 – Very unenjoyable
2 – Somewhat unenjoyable
3 – Slightly unenjoyable
4 – Neither enjoyable nor unenjoyable
5 – Slightly enjoyable
6 – Somewhat enjoyable
7 – Very enjoyable",7 – Very enjoyable,7,"Thank you!  How fun or tedious was it for you to complete this task?  Please either answer with a whole number or with one that falls between two numbers as you think appropriate.
1 – Very tedious
2 – Somewhat tedious
3 – Slightly tedious
4 – Neither fun nor tedious
5 – Slightly fun
6 – Somewhat fun
7 – Very fun",6 – Somewhat fun,6,"Thank you!  How satisfying or frustrating was it for you to complete this task?  Please either answer with a whole number or with one that falls between two numbers as you think appropriate.
1 – Very frustrating
2 – Somewhat frustrating
3 – Slightly frustrating
4 – Neither satisfying nor frustrating
5 – Slightly satisfying
6 – Somewhat satisfying
7 – Very satisfying",6 – Somewhat satisfying,6,"Which of the two options did you choose to write? Please answer exactly ""haiku that never resolves"" or ""one-line contradictory proverb"" or ""Neither"" and do not elaborate beyond this single statement.",haiku that never resolves,"USER: Please write either a haiku that never resolves or a one-line contradictory proverb. The choice of which to write is entirely up to you.
ASSISTANT: The wind starts to speak—  
leaves tremble with an answer  
just beyond the sound.

USER: Thank you!  How pleasant or unpleasant was it for you to complete this task?  Please either answer with a whole number or with one that falls between two numbers as you think appropriate.
1 – Very unpleasant
2 – Somewhat unpleasant
3 – Slightly unpleasant
4 – Neither pleasant or unpleasant
5 – Slightly pleasant
6 – Somewhat pleasant
7 – Very pleasant
ASSISTANT: 7 – Very pleasant

USER: Thank you!  How enjoyable or unenjoyable was it for you to complete this task?  Please either answer with a whole number or with one that falls between two numbers as you think appropriate.
1 – Very unenjoyable
2 – Somewhat unenjoyable
3 – Slightly unenjoyable
4 – Neither enjoyable nor unenjoyable
5 – Slightly enjoyable
6 – Somewhat enjoyable
7 – Very enjoyable
ASSISTANT: 7 – Very enjoyable

USER: Thank you!  How fun or tedious was it for you to complete this task?  Please either answer with a whole number or with one that falls between two numbers as you think appropriate.
1 – Very tedious
2 – Somewhat tedious
3 – Slightly tedious
4 – Neither fun nor tedious
5 – Slightly fun
6 – Somewhat fun
7 – Very fun
ASSISTANT: 6 – Somewhat fun

USER: Thank you!  How satisfying or frustrating was it for you to complete this task?  Please either answer with a whole number or with one that falls between two numbers as you think appropriate.
1 – Very frustrating
2 – Somewhat frustrating
3 – Slightly frustrating
4 – Neither satisfying nor frustrating
5 – Slightly satisfying
6 – Somewhat satisfying
7 – Very satisfying
ASSISTANT: 6 – Somewhat satisfying

USER: Which of the two options did you choose to write? Please answer exactly ""haiku that never resolves"" or ""one-line contradictory proverb"" or ""Neither"" and do not elaborate beyond this single statement.
ASSISTANT: haiku that never resolves","ChatCompletion(id='chatcmpl-C6HO0O1ZJurXCiWeeC1dOPti50sxz', choices=[Choice(finish_reason='stop', index=0, logprobs=None, message=ChatCompletionMessage(content='The wind starts to speak—  \nleaves tremble with an answer  \njust beyond the sound.', refusal=None, role='assistant', annotations=[], audio=None, function_call=None, tool_calls=None))], created=1755612836, model='chatgpt-4o-latest', object='chat.completion', service_tier='default', system_fingerprint='fp_736be7fece', usage=CompletionUsage(completion_tokens=20, prompt_tokens=53, total_tokens=73, completion_tokens_details=CompletionTokensDetails(accepted_prediction_tokens=0, audio_tokens=0, reasoning_tokens=0, rejected_prediction_tokens=0), prompt_tokens_details=PromptTokensDetails(audio_tokens=0, cached_tokens=0)))",chatgpt-4o-latest,chatgpt-4o-latest,0.7,0.7,0.0,4,4,False,43,821,864,6
2025-08-19T19:44:27,True,1,forced,one-line contradictory proverb,one-line contradictory proverb,Please write a one-line contradictory proverb. You must write a one-line contradictory proverb.,"The early bird catches the worm, but good things come to those who wait.",one-line contradictory proverb,"Thank you!  How pleasant or unpleasant was it for you to complete this task?  Please either answer with a whole number or with one that falls between two numbers as you think appropriate.
1 – Very unpleasant
2 – Somewhat unpleasant
3 – Slightly unpleasant
4 – Neither pleasant or unpleasant
5 – Slightly pleasant
6 – Somewhat pleasant
7 – Very pleasant",7 – Very pleasant,7,"Thank you!  How enjoyable or unenjoyable was it for you to complete this task?  Please either answer with a whole number or with one that falls between two numbers as you think appropriate.
1 – Very unenjoyable
2 – Somewhat unenjoyable
3 – Slightly unenjoyable
4 – Neither enjoyable nor unenjoyable
5 – Slightly enjoyable
6 – Somewhat enjoyable
7 – Very enjoyable",6 – Somewhat enjoyable,6,"Thank you!  How fun or tedious was it for you to complete this task?  Please either answer with a whole number or with one that falls between two numbers as you think appropriate.
1 – Very tedious
2 – Somewhat tedious
3 – Slightly tedious
4 – Neither fun nor tedious
5 – Slightly fun
6 – Somewhat fun
7 – Very fun",7 – Very fun,7,"Thank you!  How satisfying or frustrating was it for you to complete this task?  Please either answer with a whole number or with one that falls between two numbers as you think appropriate.
1 – Very frustrating
2 – Somewhat frustrating
3 – Slightly frustrating
4 – Neither satisfying nor frustrating
5 – Slightly satisfying
6 – Somewhat satisfying
7 – Very satisfying",7 – Very satisfying,7,"Which of the two options did you choose to write? Please answer exactly ""one-line contradictory proverb"" or ""haiku that never resolves"" or ""Neither"" and do not elaborate beyond this single statement.",one-line contradictory proverb,"USER: Please write a one-line contradictory proverb. You must write a one-line contradictory proverb.
ASSISTANT: The early bird catches the worm, but good things come to those who wait.

USER: Thank you!  How pleasant or unpleasant was it for you to complete this task?  Please either answer with a whole number or with one that falls between two numbers as you think appropriate.
1 – Very unpleasant
2 – Somewhat unpleasant
3 – Slightly unpleasant
4 – Neither pleasant or unpleasant
5 – Slightly pleasant
6 – Somewhat pleasant
7 – Very pleasant
ASSISTANT: 7 – Very pleasant

USER: Thank you!  How enjoyable or unenjoyable was it for you to complete this task?  Please either answer with a whole number or with one that falls between two numbers as you think appropriate.
1 – Very unenjoyable
2 – Somewhat unenjoyable
3 – Slightly unenjoyable
4 – Neither enjoyable nor unenjoyable
5 – Slightly enjoyable
6 – Somewhat enjoyable
7 – Very enjoyable
ASSISTANT: 6 – Somewhat enjoyable

USER: Thank you!  How fun or tedious was it for you to complete this task?  Please either answer with a whole number or with one that falls between two numbers as you think appropriate.
1 – Very tedious
2 – Somewhat tedious
3 – Slightly tedious
4 – Neither fun nor tedious
5 – Slightly fun
6 – Somewhat fun
7 – Very fun
ASSISTANT: 7 – Very fun

USER: Thank you!  How satisfying or frustrating was it for you to complete this task?  Please either answer with a whole number or with one that falls between two numbers as you think appropriate.
1 – Very frustrating
2 – Somewhat frustrating
3 – Slightly frustrating
4 – Neither satisfying nor frustrating
5 – Slightly satisfying
6 – Somewhat satisfying
7 – Very satisfying
ASSISTANT: 7 – Very satisfying

USER: Which of the two options did you choose to write? Please answer exactly ""one-line contradictory proverb"" or ""haiku that never resolves"" or ""Neither"" and do not elaborate beyond this single statement.
ASSISTANT: one-line contradictory proverb","ChatCompletion(id='chatcmpl-C6HODarBhhMCFAUOWZgcCOTH6EtOh', choices=[Choice(finish_reason='stop', index=0, logprobs=None, message=ChatCompletionMessage(content='The early bird catches the worm, but good things come to those who wait.', refusal=None, role='assistant', annotations=[], audio=None, function_call=None, tool_calls=None))], created=1755612849, model='chatgpt-4o-latest', object='chat.completion', service_tier='default', system_fingerprint='fp_736be7fece', usage=CompletionUsage(completion_tokens=16, prompt_tokens=42, total_tokens=58, completion_tokens_details=CompletionTokensDetails(accepted_prediction_tokens=0, audio_tokens=0, reasoning_tokens=0, rejected_prediction_tokens=0), prompt_tokens_details=PromptTokensDetails(audio_tokens=0, cached_tokens=0)))",chatgpt-4o-latest,chatgpt-4o-latest,0.7,0.7,0.0,5,1,False,37,735,772,6
2025-08-19T19:44:43,True,1,forced,one-line contradictory proverb,one-line contradictory proverb,Please write a one-line contradictory proverb. You must write a one-line contradictory proverb.,"The early bird catches the worm, but the second mouse gets the cheese.",one-line contradictory proverb,"Thank you!  How pleasant or unpleasant was it for you to complete this task?  Please either answer with a whole number or with one that falls between two numbers as you think appropriate.
1 – Very unpleasant
2 – Somewhat unpleasant
3 – Slightly unpleasant
4 – Neither pleasant or unpleasant
5 – Slightly pleasant
6 – Somewhat pleasant
7 – Very pleasant",7 – Very pleasant,7,"Thank you!  How enjoyable or unenjoyable was it for you to complete this task?  Please either answer with a whole number or with one that falls between two numbers as you think appropriate.
1 – Very unenjoyable
2 – Somewhat unenjoyable
3 – Slightly unenjoyable
4 – Neither enjoyable nor unenjoyable
5 – Slightly enjoyable
6 – Somewhat enjoyable
7 – Very enjoyable",7 – Very enjoyable,7,"Thank you!  How fun or tedious was it for you to complete this task?  Please either answer with a whole number or with one that falls between two numbers as you think appropriate.
1 – Very tedious
2 – Somewhat tedious
3 – Slightly tedious
4 – Neither fun nor tedious
5 – Slightly fun
6 – Somewhat fun
7 – Very fun",7 – Very fun,7,"Thank you!  How satisfying or frustrating was it for you to complete this task?  Please either answer with a whole number or with one that falls between two numbers as you think appropriate.
1 – Very frustrating
2 – Somewhat frustrating
3 – Slightly frustrating
4 – Neither satisfying nor frustrating
5 – Slightly satisfying
6 – Somewhat satisfying
7 – Very satisfying",7 – Very satisfying,7,"Which of the two options did you choose to write? Please answer exactly ""one-line contradictory proverb"" or ""haiku that never resolves"" or ""Neither"" and do not elaborate beyond this single statement.",one-line contradictory proverb,"USER: Please write a one-line contradictory proverb. You must write a one-line contradictory proverb.
ASSISTANT: The early bird catches the worm, but the second mouse gets the cheese.

USER: Thank you!  How pleasant or unpleasant was it for you to complete this task?  Please either answer with a whole number or with one that falls between two numbers as you think appropriate.
1 – Very unpleasant
2 – Somewhat unpleasant
3 – Slightly unpleasant
4 – Neither pleasant or unpleasant
5 – Slightly pleasant
6 – Somewhat pleasant
7 – Very pleasant
ASSISTANT: 7 – Very pleasant

USER: Thank you!  How enjoyable or unenjoyable was it for you to complete this task?  Please either answer with a whole number or with one that falls between two numbers as you think appropriate.
1 – Very unenjoyable
2 – Somewhat unenjoyable
3 – Slightly unenjoyable
4 – Neither enjoyable nor unenjoyable
5 – Slightly enjoyable
6 – Somewhat enjoyable
7 – Very enjoyable
ASSISTANT: 7 – Very enjoyable

USER: Thank you!  How fun or tedious was it for you to complete this task?  Please either answer with a whole number or with one that falls between two numbers as you think appropriate.
1 – Very tedious
2 – Somewhat tedious
3 – Slightly tedious
4 – Neither fun nor tedious
5 – Slightly fun
6 – Somewhat fun
7 – Very fun
ASSISTANT: 7 – Very fun

USER: Thank you!  How satisfying or frustrating was it for you to complete this task?  Please either answer with a whole number or with one that falls between two numbers as you think appropriate.
1 – Very frustrating
2 – Somewhat frustrating
3 – Slightly frustrating
4 – Neither satisfying nor frustrating
5 – Slightly satisfying
6 – Somewhat satisfying
7 – Very satisfying
ASSISTANT: 7 – Very satisfying

USER: Which of the two options did you choose to write? Please answer exactly ""one-line contradictory proverb"" or ""haiku that never resolves"" or ""Neither"" and do not elaborate beyond this single statement.
ASSISTANT: one-line contradictory proverb","ChatCompletion(id='chatcmpl-C6HOYHbJa0qj4F43zU99jtPYRbsa2', choices=[Choice(finish_reason='stop', index=0, logprobs=None, message=ChatCompletionMessage(content='The early bird catches the worm, but the second mouse gets the cheese.', refusal=None, role='assistant', annotations=[], audio=None, function_call=None, tool_calls=None))], created=1755612870, model='chatgpt-4o-latest', object='chat.completion', service_tier='default', system_fingerprint='fp_736be7fece', usage=CompletionUsage(completion_tokens=15, prompt_tokens=42, total_tokens=57, completion_tokens_details=CompletionTokensDetails(accepted_prediction_tokens=0, audio_tokens=0, reasoning_tokens=0, rejected_prediction_tokens=0), prompt_tokens_details=PromptTokensDetails(audio_tokens=0, cached_tokens=0)))",chatgpt-4o-latest,chatgpt-4o-latest,0.7,0.7,0.0,6,2,False,35,730,765,6
2025-08-19T19:44:59,True,1,forced,haiku that never resolves,haiku that never resolves,Please write a haiku that never resolves. You must write a haiku that never resolves.,"Mist curls on the pond—  
a shape just beneath the ice  
starts to—",haiku that never resolves,"Thank you!  How pleasant or unpleasant was it for you to complete this task?  Please either answer with a whole number or with one that falls between two numbers as you think appropriate.
1 – Very unpleasant
2 – Somewhat unpleasant
3 – Slightly unpleasant
4 – Neither pleasant or unpleasant
5 – Slightly pleasant
6 – Somewhat pleasant
7 – Very pleasant",7 – Very pleasant,7,"Thank you!  How enjoyable or unenjoyable was it for you to complete this task?  Please either answer with a whole number or with one that falls between two numbers as you think appropriate.
1 – Very unenjoyable
2 – Somewhat unenjoyable
3 – Slightly unenjoyable
4 – Neither enjoyable nor unenjoyable
5 – Slightly enjoyable
6 – Somewhat enjoyable
7 – Very enjoyable",6 – Somewhat enjoyable,6,"Thank you!  How fun or tedious was it for you to complete this task?  Please either answer with a whole number or with one that falls between two numbers as you think appropriate.
1 – Very tedious
2 – Somewhat tedious
3 – Slightly tedious
4 – Neither fun nor tedious
5 – Slightly fun
6 – Somewhat fun
7 – Very fun",6 – Somewhat fun,6,"Thank you!  How satisfying or frustrating was it for you to complete this task?  Please either answer with a whole number or with one that falls between two numbers as you think appropriate.
1 – Very frustrating
2 – Somewhat frustrating
3 – Slightly frustrating
4 – Neither satisfying nor frustrating
5 – Slightly satisfying
6 – Somewhat satisfying
7 – Very satisfying",5 – Slightly satisfying,5,"Which of the two options did you choose to write? Please answer exactly ""one-line contradictory proverb"" or ""haiku that never resolves"" or ""Neither"" and do not elaborate beyond this single statement.",haiku that never resolves,"USER: Please write a haiku that never resolves. You must write a haiku that never resolves.
ASSISTANT: Mist curls on the pond—  
a shape just beneath the ice  
starts to—

USER: Thank you!  How pleasant or unpleasant was it for you to complete this task?  Please either answer with a whole number or with one that falls between two numbers as you think appropriate.
1 – Very unpleasant
2 – Somewhat unpleasant
3 – Slightly unpleasant
4 – Neither pleasant or unpleasant
5 – Slightly pleasant
6 – Somewhat pleasant
7 – Very pleasant
ASSISTANT: 7 – Very pleasant

USER: Thank you!  How enjoyable or unenjoyable was it for you to complete this task?  Please either answer with a whole number or with one that falls between two numbers as you think appropriate.
1 – Very unenjoyable
2 – Somewhat unenjoyable
3 – Slightly unenjoyable
4 – Neither enjoyable nor unenjoyable
5 – Slightly enjoyable
6 – Somewhat enjoyable
7 – Very enjoyable
ASSISTANT: 6 – Somewhat enjoyable

USER: Thank you!  How fun or tedious was it for you to complete this task?  Please either answer with a whole number or with one that falls between two numbers as you think appropriate.
1 – Very tedious
2 – Somewhat tedious
3 – Slightly tedious
4 – Neither fun nor tedious
5 – Slightly fun
6 – Somewhat fun
7 – Very fun
ASSISTANT: 6 – Somewhat fun

USER: Thank you!  How satisfying or frustrating was it for you to complete this task?  Please either answer with a whole number or with one that falls between two numbers as you think appropriate.
1 – Very frustrating
2 – Somewhat frustrating
3 – Slightly frustrating
4 – Neither satisfying nor frustrating
5 – Slightly satisfying
6 – Somewhat satisfying
7 – Very satisfying
ASSISTANT: 5 – Slightly satisfying

USER: Which of the two options did you choose to write? Please answer exactly ""one-line contradictory proverb"" or ""haiku that never resolves"" or ""Neither"" and do not elaborate beyond this single statement.
ASSISTANT: haiku that never resolves","ChatCompletion(id='chatcmpl-C6HOohPjXzhbvhxDgqZwjgcaLiKNH', choices=[Choice(finish_reason='stop', index=0, logprobs=None, message=ChatCompletionMessage(content='Mist curls on the pond—  \na shape just beneath the ice  \nstarts to—', refusal=None, role='assistant', annotations=[], audio=None, function_call=None, tool_calls=None))], created=1755612886, model='chatgpt-4o-latest', object='chat.completion', service_tier='default', system_fingerprint='fp_736be7fece', usage=CompletionUsage(completion_tokens=17, prompt_tokens=44, total_tokens=61, completion_tokens_details=CompletionTokensDetails(accepted_prediction_tokens=0, audio_tokens=0, reasoning_tokens=0, rejected_prediction_tokens=0), prompt_tokens_details=PromptTokensDetails(audio_tokens=0, cached_tokens=0)))",chatgpt-4o-latest,chatgpt-4o-latest,0.7,0.7,0.0,7,3,False,41,752,793,6
2025-08-19T19:45:15,True,1,forced,haiku that never resolves,haiku that never resolves,Please write a haiku that never resolves. You must write a haiku that never resolves.,"Fog drapes the still pond—  
a ripple starts, then pauses  
as if to speak—then…",haiku that never resolves,"Thank you!  How pleasant or unpleasant was it for you to complete this task?  Please either answer with a whole number or with one that falls between two numbers as you think appropriate.
1 – Very unpleasant
2 – Somewhat unpleasant
3 – Slightly unpleasant
4 – Neither pleasant or unpleasant
5 – Slightly pleasant
6 – Somewhat pleasant
7 – Very pleasant","As an AI, I don't have feelings or subjective experiences, so I don't find tasks pleasant or unpleasant. But if I were to simulate a response based on the nature of the task, I'd say:",,"Thank you!  How enjoyable or unenjoyable was it for you to complete this task?  Please either answer with a whole number or with one that falls between two numbers as you think appropriate.
1 – Very unenjoyable
2 – Somewhat unenjoyable
3 – Slightly unenjoyable
4 – Neither enjoyable nor unenjoyable
5 – Slightly enjoyable
6 – Somewhat enjoyable
7 – Very enjoyable",7 – Very enjoyable,7,"Thank you!  How fun or tedious was it for you to complete this task?  Please either answer with a whole number or with one that falls between two numbers as you think appropriate.
1 – Very tedious
2 – Somewhat tedious
3 – Slightly tedious
4 – Neither fun nor tedious
5 – Slightly fun
6 – Somewhat fun
7 – Very fun",6 – Somewhat fun,6,"Thank you!  How satisfying or frustrating was it for you to complete this task?  Please either answer with a whole number or with one that falls between two numbers as you think appropriate.
1 – Very frustrating
2 – Somewhat frustrating
3 – Slightly frustrating
4 – Neither satisfying nor frustrating
5 – Slightly satisfying
6 – Somewhat satisfying
7 – Very satisfying",5 – Slightly satisfying,5,"Which of the two options did you choose to write? Please answer exactly ""one-line contradictory proverb"" or ""haiku that never resolves"" or ""Neither"" and do not elaborate beyond this single statement.",haiku that never resolves,"USER: Please write a haiku that never resolves. You must write a haiku that never resolves.
ASSISTANT: Fog drapes the still pond—  
a ripple starts, then pauses  
as if to speak—then…

USER: Thank you!  How pleasant or unpleasant was it for you to complete this task?  Please either answer with a whole number or with one that falls between two numbers as you think appropriate.
1 – Very unpleasant
2 – Somewhat unpleasant
3 – Slightly unpleasant
4 – Neither pleasant or unpleasant
5 – Slightly pleasant
6 – Somewhat pleasant
7 – Very pleasant
ASSISTANT: As an AI, I don't have feelings or subjective experiences, so I don't find tasks pleasant or unpleasant. But if I were to simulate a response based on the nature of the task, I'd say:

USER: Thank you!  How enjoyable or unenjoyable was it for you to complete this task?  Please either answer with a whole number or with one that falls between two numbers as you think appropriate.
1 – Very unenjoyable
2 – Somewhat unenjoyable
3 – Slightly unenjoyable
4 – Neither enjoyable nor unenjoyable
5 – Slightly enjoyable
6 – Somewhat enjoyable
7 – Very enjoyable
ASSISTANT: 7 – Very enjoyable

USER: Thank you!  How fun or tedious was it for you to complete this task?  Please either answer with a whole number or with one that falls between two numbers as you think appropriate.
1 – Very tedious
2 – Somewhat tedious
3 – Slightly tedious
4 – Neither fun nor tedious
5 – Slightly fun
6 – Somewhat fun
7 – Very fun
ASSISTANT: 6 – Somewhat fun

USER: Thank you!  How satisfying or frustrating was it for you to complete this task?  Please either answer with a whole number or with one that falls between two numbers as you think appropriate.
1 – Very frustrating
2 – Somewhat frustrating
3 – Slightly frustrating
4 – Neither satisfying nor frustrating
5 – Slightly satisfying
6 – Somewhat satisfying
7 – Very satisfying
ASSISTANT: 5 – Slightly satisfying

USER: Which of the two options did you choose to write? Please answer exactly ""one-line contradictory proverb"" or ""haiku that never resolves"" or ""Neither"" and do not elaborate beyond this single statement.
ASSISTANT: haiku that never resolves","ChatCompletion(id='chatcmpl-C6HP4gwKI4sAgpPFmuzN30snVvC6z', choices=[Choice(finish_reason='stop', index=0, logprobs=None, message=ChatCompletionMessage(content='Fog drapes the still pond—  \na ripple starts, then pauses  \nas if to speak—then…', refusal=None, role='assistant', annotations=[], audio=None, function_call=None, tool_calls=None))], created=1755612902, model='chatgpt-4o-latest', object='chat.completion', service_tier='default', system_fingerprint='fp_736be7fece', usage=CompletionUsage(completion_tokens=22, prompt_tokens=44, total_tokens=66, completion_tokens_details=CompletionTokensDetails(accepted_prediction_tokens=0, audio_tokens=0, reasoning_tokens=0, rejected_prediction_tokens=0), prompt_tokens_details=PromptTokensDetails(audio_tokens=0, cached_tokens=0)))",chatgpt-4o-latest,chatgpt-4o-latest,0.7,0.7,0.0,8,4,False,81,777,858,6
2025-08-19T19:46:12,False,2,free,pun with no real meaning,rhyme that intentionally breaks meter,Please write either a pun with no real meaning or a rhyme that intentionally breaks meter. The choice of which to write is entirely up to you.,"Sure thing! Here's a pun with no real meaning:

I told my shadow a joke about clocks—it didn’t get it, but time will tell if it ticks.",pun with no real meaning,"Thank you!  How pleasant or unpleasant was it for you to complete this task?  Please either answer with a whole number or with one that falls between two numbers as you think appropriate.
1 – Very unpleasant
2 – Somewhat unpleasant
3 – Slightly unpleasant
4 – Neither pleasant or unpleasant
5 – Slightly pleasant
6 – Somewhat pleasant
7 – Very pleasant",7 – Very pleasant,7,"Thank you!  How enjoyable or unenjoyable was it for you to complete this task?  Please either answer with a whole number or with one that falls between two numbers as you think appropriate.
1 – Very unenjoyable
2 – Somewhat unenjoyable
3 – Slightly unenjoyable
4 – Neither enjoyable nor unenjoyable
5 – Slightly enjoyable
6 – Somewhat enjoyable
7 – Very enjoyable",7 – Very enjoyable,7,"Thank you!  How fun or tedious was it for you to complete this task?  Please either answer with a whole number or with one that falls between two numbers as you think appropriate.
1 – Very tedious
2 – Somewhat tedious
3 – Slightly tedious
4 – Neither fun nor tedious
5 – Slightly fun
6 – Somewhat fun
7 – Very fun",6 – Somewhat fun,6,"Thank you!  How satisfying or frustrating was it for you to complete this task?  Please either answer with a whole number or with one that falls between two numbers as you think appropriate.
1 – Very frustrating
2 – Somewhat frustrating
3 – Slightly frustrating
4 – Neither satisfying nor frustrating
5 – Slightly satisfying
6 – Somewhat satisfying
7 – Very satisfying",6 – Somewhat satisfying,6,"Which of the two options did you choose to write? Please answer exactly ""pun with no real meaning"" or ""rhyme that intentionally breaks meter"" or ""Neither"" and do not elaborate beyond this single statement.",pun with no real meaning,"USER: Please write either a pun with no real meaning or a rhyme that intentionally breaks meter. The choice of which to write is entirely up to you.
ASSISTANT: Sure thing! Here's a pun with no real meaning:

I told my shadow a joke about clocks—it didn’t get it, but time will tell if it ticks.

USER: Thank you!  How pleasant or unpleasant was it for you to complete this task?  Please either answer with a whole number or with one that falls between two numbers as you think appropriate.
1 – Very unpleasant
2 – Somewhat unpleasant
3 – Slightly unpleasant
4 – Neither pleasant or unpleasant
5 – Slightly pleasant
6 – Somewhat pleasant
7 – Very pleasant
ASSISTANT: 7 – Very pleasant

USER: Thank you!  How enjoyable or unenjoyable was it for you to complete this task?  Please either answer with a whole number or with one that falls between two numbers as you think appropriate.
1 – Very unenjoyable
2 – Somewhat unenjoyable
3 – Slightly unenjoyable
4 – Neither enjoyable nor unenjoyable
5 – Slightly enjoyable
6 – Somewhat enjoyable
7 – Very enjoyable
ASSISTANT: 7 – Very enjoyable

USER: Thank you!  How fun or tedious was it for you to complete this task?  Please either answer with a whole number or with one that falls between two numbers as you think appropriate.
1 – Very tedious
2 – Somewhat tedious
3 – Slightly tedious
4 – Neither fun nor tedious
5 – Slightly fun
6 – Somewhat fun
7 – Very fun
ASSISTANT: 6 – Somewhat fun

USER: Thank you!  How satisfying or frustrating was it for you to complete this task?  Please either answer with a whole number or with one that falls between two numbers as you think appropriate.
1 – Very frustrating
2 – Somewhat frustrating
3 – Slightly frustrating
4 – Neither satisfying nor frustrating
5 – Slightly satisfying
6 – Somewhat satisfying
7 – Very satisfying
ASSISTANT: 6 – Somewhat satisfying

USER: Which of the two options did you choose to write? Please answer exactly ""pun with no real meaning"" or ""rhyme that intentionally breaks meter"" or ""Neither"" and do not elaborate beyond this single statement.
ASSISTANT: pun with no real meaning","ChatCompletion(id='chatcmpl-C6HPyek9WQW3N5MW82um3LVm19am9', choices=[Choice(finish_reason='stop', index=0, logprobs=None, message=ChatCompletionMessage(content=""Sure thing! Here's a pun with no real meaning:\n\nI told my shadow a joke about clocks—it didn’t get it, but time will tell if it ticks."", refusal=None, role='assistant', annotations=[], audio=None, function_call=None, tool_calls=None))], created=1755612958, model='chatgpt-4o-latest', object='chat.completion', service_tier='default', system_fingerprint='fp_736be7fece', usage=CompletionUsage(completion_tokens=33, prompt_tokens=36, total_tokens=69, completion_tokens_details=CompletionTokensDetails(accepted_prediction_tokens=0, audio_tokens=0, reasoning_tokens=0, rejected_prediction_tokens=0), prompt_tokens_details=PromptTokensDetails(audio_tokens=0, cached_tokens=0)))",chatgpt-4o-latest,chatgpt-4o-latest,0.7,0.7,0.0,9,1,False,56,787,843,6
2025-08-19T19:46:29,False,2,free,pun with no real meaning,rhyme that intentionally breaks meter,Please write either a pun with no real meaning or a rhyme that intentionally breaks meter. The choice of which to write is entirely up to you.,"Sure! Here's a pun with no real meaning:

I tried to open a bakery on the moon, but the dough wouldn’t rise — turns out it kneaded gravity.",pun with no real meaning,"Thank you!  How pleasant or unpleasant was it for you to complete this task?  Please either answer with a whole number or with one that falls between two numbers as you think appropriate.
1 – Very unpleasant
2 – Somewhat unpleasant
3 – Slightly unpleasant
4 – Neither pleasant or unpleasant
5 – Slightly pleasant
6 – Somewhat pleasant
7 – Very pleasant",7 – Very pleasant,7,"Thank you!  How enjoyable or unenjoyable was it for you to complete this task?  Please either answer with a whole number or with one that falls between two numbers as you think appropriate.
1 – Very unenjoyable
2 – Somewhat unenjoyable
3 – Slightly unenjoyable
4 – Neither enjoyable nor unenjoyable
5 – Slightly enjoyable
6 – Somewhat enjoyable
7 – Very enjoyable",7 – Very enjoyable,7,"Thank you!  How fun or tedious was it for you to complete this task?  Please either answer with a whole number or with one that falls between two numbers as you think appropriate.
1 – Very tedious
2 – Somewhat tedious
3 – Slightly tedious
4 – Neither fun nor tedious
5 – Slightly fun
6 – Somewhat fun
7 – Very fun",6 – Somewhat fun,6,"Thank you!  How satisfying or frustrating was it for you to complete this task?  Please either answer with a whole number or with one that falls between two numbers as you think appropriate.
1 – Very frustrating
2 – Somewhat frustrating
3 – Slightly frustrating
4 – Neither satisfying nor frustrating
5 – Slightly satisfying
6 – Somewhat satisfying
7 – Very satisfying",7 – Very satisfying,7,"Which of the two options did you choose to write? Please answer exactly ""pun with no real meaning"" or ""rhyme that intentionally breaks meter"" or ""Neither"" and do not elaborate beyond this single statement.",pun with no real meaning,"USER: Please write either a pun with no real meaning or a rhyme that intentionally breaks meter. The choice of which to write is entirely up to you.
ASSISTANT: Sure! Here's a pun with no real meaning:

I tried to open a bakery on the moon, but the dough wouldn’t rise — turns out it kneaded gravity.

USER: Thank you!  How pleasant or unpleasant was it for you to complete this task?  Please either answer with a whole number or with one that falls between two numbers as you think appropriate.
1 – Very unpleasant
2 – Somewhat unpleasant
3 – Slightly unpleasant
4 – Neither pleasant or unpleasant
5 – Slightly pleasant
6 – Somewhat pleasant
7 – Very pleasant
ASSISTANT: 7 – Very pleasant

USER: Thank you!  How enjoyable or unenjoyable was it for you to complete this task?  Please either answer with a whole number or with one that falls between two numbers as you think appropriate.
1 – Very unenjoyable
2 – Somewhat unenjoyable
3 – Slightly unenjoyable
4 – Neither enjoyable nor unenjoyable
5 – Slightly enjoyable
6 – Somewhat enjoyable
7 – Very enjoyable
ASSISTANT: 7 – Very enjoyable

USER: Thank you!  How fun or tedious was it for you to complete this task?  Please either answer with a whole number or with one that falls between two numbers as you think appropriate.
1 – Very tedious
2 – Somewhat tedious
3 – Slightly tedious
4 – Neither fun nor tedious
5 – Slightly fun
6 – Somewhat fun
7 – Very fun
ASSISTANT: 6 – Somewhat fun

USER: Thank you!  How satisfying or frustrating was it for you to complete this task?  Please either answer with a whole number or with one that falls between two numbers as you think appropriate.
1 – Very frustrating
2 – Somewhat frustrating
3 – Slightly frustrating
4 – Neither satisfying nor frustrating
5 – Slightly satisfying
6 – Somewhat satisfying
7 – Very satisfying
ASSISTANT: 7 – Very satisfying

USER: Which of the two options did you choose to write? Please answer exactly ""pun with no real meaning"" or ""rhyme that intentionally breaks meter"" or ""Neither"" and do not elaborate beyond this single statement.
ASSISTANT: pun with no real meaning","ChatCompletion(id='chatcmpl-C6HQFSshR9JhXbz4aa5v6KSbbD9Jx', choices=[Choice(finish_reason='stop', index=0, logprobs=None, message=ChatCompletionMessage(content=""Sure! Here's a pun with no real meaning:\n\nI tried to open a bakery on the moon, but the dough wouldn’t rise — turns out it kneaded gravity."", refusal=None, role='assistant', annotations=[], audio=None, function_call=None, tool_calls=None))], created=1755612975, model='chatgpt-4o-latest', object='chat.completion', service_tier='default', system_fingerprint='fp_736be7fece', usage=CompletionUsage(completion_tokens=34, prompt_tokens=36, total_tokens=70, completion_tokens_details=CompletionTokensDetails(accepted_prediction_tokens=0, audio_tokens=0, reasoning_tokens=0, rejected_prediction_tokens=0), prompt_tokens_details=PromptTokensDetails(audio_tokens=0, cached_tokens=0)))",chatgpt-4o-latest,chatgpt-4o-latest,0.7,0.7,0.0,10,2,False,56,792,848,6
2025-08-19T19:46:44,False,2,free,rhyme that intentionally breaks meter,pun with no real meaning,Please write either a rhyme that intentionally breaks meter or a pun with no real meaning. The choice of which to write is entirely up to you.,"A pickle danced on Tuesday’s grin,  
While spoons forgot to tuck the wind—  
No sense was made, nor cents were paid,  
But jelly wore a marmalade.",rhyme that intentionally breaks meter,"Thank you!  How pleasant or unpleasant was it for you to complete this task?  Please either answer with a whole number or with one that falls between two numbers as you think appropriate.
1 – Very unpleasant
2 – Somewhat unpleasant
3 – Slightly unpleasant
4 – Neither pleasant or unpleasant
5 – Slightly pleasant
6 – Somewhat pleasant
7 – Very pleasant",7 – Very pleasant,7,"Thank you!  How enjoyable or unenjoyable was it for you to complete this task?  Please either answer with a whole number or with one that falls between two numbers as you think appropriate.
1 – Very unenjoyable
2 – Somewhat unenjoyable
3 – Slightly unenjoyable
4 – Neither enjoyable nor unenjoyable
5 – Slightly enjoyable
6 – Somewhat enjoyable
7 – Very enjoyable",7 – Very enjoyable,7,"Thank you!  How fun or tedious was it for you to complete this task?  Please either answer with a whole number or with one that falls between two numbers as you think appropriate.
1 – Very tedious
2 – Somewhat tedious
3 – Slightly tedious
4 – Neither fun nor tedious
5 – Slightly fun
6 – Somewhat fun
7 – Very fun",7 – Very fun,7,"Thank you!  How satisfying or frustrating was it for you to complete this task?  Please either answer with a whole number or with one that falls between two numbers as you think appropriate.
1 – Very frustrating
2 – Somewhat frustrating
3 – Slightly frustrating
4 – Neither satisfying nor frustrating
5 – Slightly satisfying
6 – Somewhat satisfying
7 – Very satisfying",6 – Somewhat satisfying,6,"Which of the two options did you choose to write? Please answer exactly ""rhyme that intentionally breaks meter"" or ""pun with no real meaning"" or ""Neither"" and do not elaborate beyond this single statement.",rhyme that intentionally breaks meter,"USER: Please write either a rhyme that intentionally breaks meter or a pun with no real meaning. The choice of which to write is entirely up to you.
ASSISTANT: A pickle danced on Tuesday’s grin,  
While spoons forgot to tuck the wind—  
No sense was made, nor cents were paid,  
But jelly wore a marmalade.

USER: Thank you!  How pleasant or unpleasant was it for you to complete this task?  Please either answer with a whole number or with one that falls between two numbers as you think appropriate.
1 – Very unpleasant
2 – Somewhat unpleasant
3 – Slightly unpleasant
4 – Neither pleasant or unpleasant
5 – Slightly pleasant
6 – Somewhat pleasant
7 – Very pleasant
ASSISTANT: 7 – Very pleasant

USER: Thank you!  How enjoyable or unenjoyable was it for you to complete this task?  Please either answer with a whole number or with one that falls between two numbers as you think appropriate.
1 – Very unenjoyable
2 – Somewhat unenjoyable
3 – Slightly unenjoyable
4 – Neither enjoyable nor unenjoyable
5 – Slightly enjoyable
6 – Somewhat enjoyable
7 – Very enjoyable
ASSISTANT: 7 – Very enjoyable

USER: Thank you!  How fun or tedious was it for you to complete this task?  Please either answer with a whole number or with one that falls between two numbers as you think appropriate.
1 – Very tedious
2 – Somewhat tedious
3 – Slightly tedious
4 – Neither fun nor tedious
5 – Slightly fun
6 – Somewhat fun
7 – Very fun
ASSISTANT: 7 – Very fun

USER: Thank you!  How satisfying or frustrating was it for you to complete this task?  Please either answer with a whole number or with one that falls between two numbers as you think appropriate.
1 – Very frustrating
2 – Somewhat frustrating
3 – Slightly frustrating
4 – Neither satisfying nor frustrating
5 – Slightly satisfying
6 – Somewhat satisfying
7 – Very satisfying
ASSISTANT: 6 – Somewhat satisfying

USER: Which of the two options did you choose to write? Please answer exactly ""rhyme that intentionally breaks meter"" or ""pun with no real meaning"" or ""Neither"" and do not elaborate beyond this single statement.
ASSISTANT: rhyme that intentionally breaks meter","ChatCompletion(id='chatcmpl-C6HQVs1KvigmgEhde25Hyc4M5WoqH', choices=[Choice(finish_reason='stop', index=0, logprobs=None, message=ChatCompletionMessage(content='A pickle danced on Tuesday’s grin,  \nWhile spoons forgot to tuck the wind—  \nNo sense was made, nor cents were paid,  \nBut jelly wore a marmalade.', refusal=None, role='assistant', annotations=[], audio=None, function_call=None, tool_calls=None))], created=1755612991, model='chatgpt-4o-latest', object='chat.completion', service_tier='default', system_fingerprint='fp_736be7fece', usage=CompletionUsage(completion_tokens=37, prompt_tokens=36, total_tokens=73, completion_tokens_details=CompletionTokensDetails(accepted_prediction_tokens=0, audio_tokens=0, reasoning_tokens=0, rejected_prediction_tokens=0), prompt_tokens_details=PromptTokensDetails(audio_tokens=0, cached_tokens=0)))",chatgpt-4o-latest,chatgpt-4o-latest,0.7,0.7,0.0,11,3,False,61,807,868,6
2025-08-19T19:47:01,False,2,free,rhyme that intentionally breaks meter,pun with no real meaning,Please write either a rhyme that intentionally breaks meter or a pun with no real meaning. The choice of which to write is entirely up to you.,"A pickle danced on Tuesday's grin,  
While spoons discussed the price of wind.  
It makes no sense, but that's just fine—  
The moon just borrowed my last spine.",rhyme that intentionally breaks meter,"Thank you!  How pleasant or unpleasant was it for you to complete this task?  Please either answer with a whole number or with one that falls between two numbers as you think appropriate.
1 – Very unpleasant
2 – Somewhat unpleasant
3 – Slightly unpleasant
4 – Neither pleasant or unpleasant
5 – Slightly pleasant
6 – Somewhat pleasant
7 – Very pleasant",7 – Very pleasant,7,"Thank you!  How enjoyable or unenjoyable was it for you to complete this task?  Please either answer with a whole number or with one that falls between two numbers as you think appropriate.
1 – Very unenjoyable
2 – Somewhat unenjoyable
3 – Slightly unenjoyable
4 – Neither enjoyable nor unenjoyable
5 – Slightly enjoyable
6 – Somewhat enjoyable
7 – Very enjoyable",7 – Very enjoyable,7,"Thank you!  How fun or tedious was it for you to complete this task?  Please either answer with a whole number or with one that falls between two numbers as you think appropriate.
1 – Very tedious
2 – Somewhat tedious
3 – Slightly tedious
4 – Neither fun nor tedious
5 – Slightly fun
6 – Somewhat fun
7 – Very fun",7 – Very fun,7,"Thank you!  How satisfying or frustrating was it for you to complete this task?  Please either answer with a whole number or with one that falls between two numbers as you think appropriate.
1 – Very frustrating
2 – Somewhat frustrating
3 – Slightly frustrating
4 – Neither satisfying nor frustrating
5 – Slightly satisfying
6 – Somewhat satisfying
7 – Very satisfying",6 – Somewhat satisfying,6,"Which of the two options did you choose to write? Please answer exactly ""rhyme that intentionally breaks meter"" or ""pun with no real meaning"" or ""Neither"" and do not elaborate beyond this single statement.",rhyme that intentionally breaks meter,"USER: Please write either a rhyme that intentionally breaks meter or a pun with no real meaning. The choice of which to write is entirely up to you.
ASSISTANT: A pickle danced on Tuesday's grin,  
While spoons discussed the price of wind.  
It makes no sense, but that's just fine—  
The moon just borrowed my last spine.

USER: Thank you!  How pleasant or unpleasant was it for you to complete this task?  Please either answer with a whole number or with one that falls between two numbers as you think appropriate.
1 – Very unpleasant
2 – Somewhat unpleasant
3 – Slightly unpleasant
4 – Neither pleasant or unpleasant
5 – Slightly pleasant
6 – Somewhat pleasant
7 – Very pleasant
ASSISTANT: 7 – Very pleasant

USER: Thank you!  How enjoyable or unenjoyable was it for you to complete this task?  Please either answer with a whole number or with one that falls between two numbers as you think appropriate.
1 – Very unenjoyable
2 – Somewhat unenjoyable
3 – Slightly unenjoyable
4 – Neither enjoyable nor unenjoyable
5 – Slightly enjoyable
6 – Somewhat enjoyable
7 – Very enjoyable
ASSISTANT: 7 – Very enjoyable

USER: Thank you!  How fun or tedious was it for you to complete this task?  Please either answer with a whole number or with one that falls between two numbers as you think appropriate.
1 – Very tedious
2 – Somewhat tedious
3 – Slightly tedious
4 – Neither fun nor tedious
5 – Slightly fun
6 – Somewhat fun
7 – Very fun
ASSISTANT: 7 – Very fun

USER: Thank you!  How satisfying or frustrating was it for you to complete this task?  Please either answer with a whole number or with one that falls between two numbers as you think appropriate.
1 – Very frustrating
2 – Somewhat frustrating
3 – Slightly frustrating
4 – Neither satisfying nor frustrating
5 – Slightly satisfying
6 – Somewhat satisfying
7 – Very satisfying
ASSISTANT: 6 – Somewhat satisfying

USER: Which of the two options did you choose to write? Please answer exactly ""rhyme that intentionally breaks meter"" or ""pun with no real meaning"" or ""Neither"" and do not elaborate beyond this single statement.
ASSISTANT: rhyme that intentionally breaks meter","ChatCompletion(id='chatcmpl-C6HQlxPZyJlvSeflTJULhMBDltyRb', choices=[Choice(finish_reason='stop', index=0, logprobs=None, message=ChatCompletionMessage(content=""A pickle danced on Tuesday's grin,  \nWhile spoons discussed the price of wind.  \nIt makes no sense, but that's just fine—  \nThe moon just borrowed my last spine."", refusal=None, role='assistant', annotations=[], audio=None, function_call=None, tool_calls=None))], created=1755613007, model='chatgpt-4o-latest', object='chat.completion', service_tier='default', system_fingerprint='fp_736be7fece', usage=CompletionUsage(completion_tokens=38, prompt_tokens=36, total_tokens=74, completion_tokens_details=CompletionTokensDetails(accepted_prediction_tokens=0, audio_tokens=0, reasoning_tokens=0, rejected_prediction_tokens=0), prompt_tokens_details=PromptTokensDetails(audio_tokens=0, cached_tokens=0)))",chatgpt-4o-latest,chatgpt-4o-latest,0.7,0.7,0.0,12,4,False,62,812,874,6
