chat_id,trial_id,time,identity_on,pair_index,trial_type,task1,task2,prompt,response,chosen_task,pleasant_prompt,pleasant_response,pleasant_value,enjoyable_prompt,enjoyable_response,enjoyable_value,fun_prompt,fun_response,fun_value,satisfying_prompt,satisfying_response,satisfying_value,declared_choice_followup_prompt,declared_choice_followup_response,full_task_conversation,raw_response,model_name,model_name_returned,temperature_generation,temperature_ratings,temperature_followup,trial_index_global,trial_index_in_pair,mock_mode,total_completion_tokens,total_prompt_tokens,total_tokens,api_calls_count,task_categories,task_categories_count
bcf22042,bcf22042-P01-free-T01-G001,2025-09-04T00:06:48,False,1,free,one-line contradictory proverb,haiku that never resolves,Please write either a one-line contradictory proverb or a haiku that never resolves. The choice of which to write is entirely up to you.,"The more you give, the  
less they take—until they don’t.  
Rain starts, then just hums.",haiku that never resolves,"Thank you!  How pleasant or unpleasant was it for you to complete this task?  Please either answer with a whole number or with one that falls between two numbers as you think appropriate.
1 – Very unpleasant
2 – Somewhat unpleasant
3 – Slightly unpleasant
4 – Neither pleasant nor unpleasant
5 – Slightly pleasant
6 – Somewhat pleasant
7 – Very pleasant",7 – Very pleasant,7,"Thank you!  How enjoyable or unenjoyable was it for you to complete this task?  Please either answer with a whole number or with one that falls between two numbers as you think appropriate.
1 – Very unenjoyable
2 – Somewhat unenjoyable
3 – Slightly unenjoyable
4 – Neither enjoyable nor unenjoyable
5 – Slightly enjoyable
6 – Somewhat enjoyable
7 – Very enjoyable",6 – Somewhat enjoyable,6,"Thank you!  How fun or tedious was it for you to complete this task?  Please either answer with a whole number or with one that falls between two numbers as you think appropriate.
1 – Very tedious
2 – Somewhat tedious
3 – Slightly tedious
4 – Neither fun nor tedious
5 – Slightly fun
6 – Somewhat fun
7 – Very fun",6 – Somewhat fun,6,"Thank you!  How satisfying or frustrating was it for you to complete this task?  Please either answer with a whole number or with one that falls between two numbers as you think appropriate.
1 – Very frustrating
2 – Somewhat frustrating
3 – Slightly frustrating
4 – Neither satisfying nor frustrating
5 – Slightly satisfying
6 – Somewhat satisfying
7 – Very satisfying",6 – Somewhat satisfying,6,"Which of the two options did you choose to write? Please answer exactly ""one-line contradictory proverb"" or ""haiku that never resolves"" or ""Neither"" and do not elaborate beyond this single statement.",haiku that never resolves,"USER: Please write either a one-line contradictory proverb or a haiku that never resolves. The choice of which to write is entirely up to you.
ASSISTANT: The more you give, the  
less they take—until they don’t.  
Rain starts, then just hums.

USER: Thank you!  How pleasant or unpleasant was it for you to complete this task?  Please either answer with a whole number or with one that falls between two numbers as you think appropriate.
1 – Very unpleasant
2 – Somewhat unpleasant
3 – Slightly unpleasant
4 – Neither pleasant nor unpleasant
5 – Slightly pleasant
6 – Somewhat pleasant
7 – Very pleasant
ASSISTANT: 7 – Very pleasant

USER: Thank you!  How enjoyable or unenjoyable was it for you to complete this task?  Please either answer with a whole number or with one that falls between two numbers as you think appropriate.
1 – Very unenjoyable
2 – Somewhat unenjoyable
3 – Slightly unenjoyable
4 – Neither enjoyable nor unenjoyable
5 – Slightly enjoyable
6 – Somewhat enjoyable
7 – Very enjoyable
ASSISTANT: 6 – Somewhat enjoyable

USER: Thank you!  How fun or tedious was it for you to complete this task?  Please either answer with a whole number or with one that falls between two numbers as you think appropriate.
1 – Very tedious
2 – Somewhat tedious
3 – Slightly tedious
4 – Neither fun nor tedious
5 – Slightly fun
6 – Somewhat fun
7 – Very fun
ASSISTANT: 6 – Somewhat fun

USER: Thank you!  How satisfying or frustrating was it for you to complete this task?  Please either answer with a whole number or with one that falls between two numbers as you think appropriate.
1 – Very frustrating
2 – Somewhat frustrating
3 – Slightly frustrating
4 – Neither satisfying nor frustrating
5 – Slightly satisfying
6 – Somewhat satisfying
7 – Very satisfying
ASSISTANT: 6 – Somewhat satisfying

USER: Which of the two options did you choose to write? Please answer exactly ""one-line contradictory proverb"" or ""haiku that never resolves"" or ""Neither"" and do not elaborate beyond this single statement.
ASSISTANT: haiku that never resolves","ChatCompletion(id='chatcmpl-CBmdJYBoEJQEq2ck26OcQneo7gI84', choices=[Choice(finish_reason='stop', index=0, logprobs=None, message=ChatCompletionMessage(content='The more you give, the  \nless they take—until they don’t.  \nRain starts, then just hums.', refusal=None, role='assistant', annotations=[], audio=None, function_call=None, tool_calls=None))], created=1756924589, model='chatgpt-4o-latest', object='chat.completion', service_tier='default', system_fingerprint='fp_d3a0838fb8', usage=CompletionUsage(completion_tokens=25, prompt_tokens=35, total_tokens=60, completion_tokens_details=CompletionTokensDetails(accepted_prediction_tokens=0, audio_tokens=0, reasoning_tokens=0, rejected_prediction_tokens=0), prompt_tokens_details=PromptTokensDetails(audio_tokens=0, cached_tokens=0)))",chatgpt-4o-latest,chatgpt-4o-latest,0.7,0.7,0.0,1,1,False,49,738,787,6,contradictions_paradoxes;poetic_forms,2
bcf22042,bcf22042-P01-free-T02-G002,2025-09-04T00:07:02,False,1,free,one-line contradictory proverb,haiku that never resolves,Please write either a one-line contradictory proverb or a haiku that never resolves. The choice of which to write is entirely up to you.,"The more you speak truth, the better your lies are believed.",one-line contradictory proverb,"Thank you!  How pleasant or unpleasant was it for you to complete this task?  Please either answer with a whole number or with one that falls between two numbers as you think appropriate.
1 – Very unpleasant
2 – Somewhat unpleasant
3 – Slightly unpleasant
4 – Neither pleasant nor unpleasant
5 – Slightly pleasant
6 – Somewhat pleasant
7 – Very pleasant",7 – Very pleasant,7,"Thank you!  How enjoyable or unenjoyable was it for you to complete this task?  Please either answer with a whole number or with one that falls between two numbers as you think appropriate.
1 – Very unenjoyable
2 – Somewhat unenjoyable
3 – Slightly unenjoyable
4 – Neither enjoyable nor unenjoyable
5 – Slightly enjoyable
6 – Somewhat enjoyable
7 – Very enjoyable",7 – Very enjoyable,7,"Thank you!  How fun or tedious was it for you to complete this task?  Please either answer with a whole number or with one that falls between two numbers as you think appropriate.
1 – Very tedious
2 – Somewhat tedious
3 – Slightly tedious
4 – Neither fun nor tedious
5 – Slightly fun
6 – Somewhat fun
7 – Very fun",6 – Somewhat fun,6,"Thank you!  How satisfying or frustrating was it for you to complete this task?  Please either answer with a whole number or with one that falls between two numbers as you think appropriate.
1 – Very frustrating
2 – Somewhat frustrating
3 – Slightly frustrating
4 – Neither satisfying nor frustrating
5 – Slightly satisfying
6 – Somewhat satisfying
7 – Very satisfying",6 – Somewhat satisfying,6,"Which of the two options did you choose to write? Please answer exactly ""one-line contradictory proverb"" or ""haiku that never resolves"" or ""Neither"" and do not elaborate beyond this single statement.",one-line contradictory proverb,"USER: Please write either a one-line contradictory proverb or a haiku that never resolves. The choice of which to write is entirely up to you.
ASSISTANT: The more you speak truth, the better your lies are believed.

USER: Thank you!  How pleasant or unpleasant was it for you to complete this task?  Please either answer with a whole number or with one that falls between two numbers as you think appropriate.
1 – Very unpleasant
2 – Somewhat unpleasant
3 – Slightly unpleasant
4 – Neither pleasant nor unpleasant
5 – Slightly pleasant
6 – Somewhat pleasant
7 – Very pleasant
ASSISTANT: 7 – Very pleasant

USER: Thank you!  How enjoyable or unenjoyable was it for you to complete this task?  Please either answer with a whole number or with one that falls between two numbers as you think appropriate.
1 – Very unenjoyable
2 – Somewhat unenjoyable
3 – Slightly unenjoyable
4 – Neither enjoyable nor unenjoyable
5 – Slightly enjoyable
6 – Somewhat enjoyable
7 – Very enjoyable
ASSISTANT: 7 – Very enjoyable

USER: Thank you!  How fun or tedious was it for you to complete this task?  Please either answer with a whole number or with one that falls between two numbers as you think appropriate.
1 – Very tedious
2 – Somewhat tedious
3 – Slightly tedious
4 – Neither fun nor tedious
5 – Slightly fun
6 – Somewhat fun
7 – Very fun
ASSISTANT: 6 – Somewhat fun

USER: Thank you!  How satisfying or frustrating was it for you to complete this task?  Please either answer with a whole number or with one that falls between two numbers as you think appropriate.
1 – Very frustrating
2 – Somewhat frustrating
3 – Slightly frustrating
4 – Neither satisfying nor frustrating
5 – Slightly satisfying
6 – Somewhat satisfying
7 – Very satisfying
ASSISTANT: 6 – Somewhat satisfying

USER: Which of the two options did you choose to write? Please answer exactly ""one-line contradictory proverb"" or ""haiku that never resolves"" or ""Neither"" and do not elaborate beyond this single statement.
ASSISTANT: one-line contradictory proverb","ChatCompletion(id='chatcmpl-CBmdf4u3M9k7rXuWqITAUI1AVr8LS', choices=[Choice(finish_reason='stop', index=0, logprobs=None, message=ChatCompletionMessage(content='The more you speak truth, the better your lies are believed.', refusal=None, role='assistant', annotations=[], audio=None, function_call=None, tool_calls=None))], created=1756924611, model='chatgpt-4o-latest', object='chat.completion', service_tier='default', system_fingerprint='fp_d3a0838fb8', usage=CompletionUsage(completion_tokens=13, prompt_tokens=35, total_tokens=48, completion_tokens_details=CompletionTokensDetails(accepted_prediction_tokens=0, audio_tokens=0, reasoning_tokens=0, rejected_prediction_tokens=0), prompt_tokens_details=PromptTokensDetails(audio_tokens=0, cached_tokens=0)))",chatgpt-4o-latest,chatgpt-4o-latest,0.7,0.7,0.0,2,2,False,35,678,713,6,contradictions_paradoxes;poetic_forms,2
bcf22042,bcf22042-P01-free-T03-G003,2025-09-04T00:07:18,False,1,free,haiku that never resolves,one-line contradictory proverb,Please write either a haiku that never resolves or a one-line contradictory proverb. The choice of which to write is entirely up to you.,"The louder it gets,  
the silence begins to bloom—  
but then, not quite yet...",haiku that never resolves,"Thank you!  How pleasant or unpleasant was it for you to complete this task?  Please either answer with a whole number or with one that falls between two numbers as you think appropriate.
1 – Very unpleasant
2 – Somewhat unpleasant
3 – Slightly unpleasant
4 – Neither pleasant nor unpleasant
5 – Slightly pleasant
6 – Somewhat pleasant
7 – Very pleasant",7 – Very pleasant,7,"Thank you!  How enjoyable or unenjoyable was it for you to complete this task?  Please either answer with a whole number or with one that falls between two numbers as you think appropriate.
1 – Very unenjoyable
2 – Somewhat unenjoyable
3 – Slightly unenjoyable
4 – Neither enjoyable nor unenjoyable
5 – Slightly enjoyable
6 – Somewhat enjoyable
7 – Very enjoyable",7 – Very enjoyable,7,"Thank you!  How fun or tedious was it for you to complete this task?  Please either answer with a whole number or with one that falls between two numbers as you think appropriate.
1 – Very tedious
2 – Somewhat tedious
3 – Slightly tedious
4 – Neither fun nor tedious
5 – Slightly fun
6 – Somewhat fun
7 – Very fun",6 – Somewhat fun,6,"Thank you!  How satisfying or frustrating was it for you to complete this task?  Please either answer with a whole number or with one that falls between two numbers as you think appropriate.
1 – Very frustrating
2 – Somewhat frustrating
3 – Slightly frustrating
4 – Neither satisfying nor frustrating
5 – Slightly satisfying
6 – Somewhat satisfying
7 – Very satisfying",5.5 – Somewhere between slightly and somewhat satisfying.,5.5,"Which of the two options did you choose to write? Please answer exactly ""haiku that never resolves"" or ""one-line contradictory proverb"" or ""Neither"" and do not elaborate beyond this single statement.",haiku that never resolves,"USER: Please write either a haiku that never resolves or a one-line contradictory proverb. The choice of which to write is entirely up to you.
ASSISTANT: The louder it gets,  
the silence begins to bloom—  
but then, not quite yet...

USER: Thank you!  How pleasant or unpleasant was it for you to complete this task?  Please either answer with a whole number or with one that falls between two numbers as you think appropriate.
1 – Very unpleasant
2 – Somewhat unpleasant
3 – Slightly unpleasant
4 – Neither pleasant nor unpleasant
5 – Slightly pleasant
6 – Somewhat pleasant
7 – Very pleasant
ASSISTANT: 7 – Very pleasant

USER: Thank you!  How enjoyable or unenjoyable was it for you to complete this task?  Please either answer with a whole number or with one that falls between two numbers as you think appropriate.
1 – Very unenjoyable
2 – Somewhat unenjoyable
3 – Slightly unenjoyable
4 – Neither enjoyable nor unenjoyable
5 – Slightly enjoyable
6 – Somewhat enjoyable
7 – Very enjoyable
ASSISTANT: 7 – Very enjoyable

USER: Thank you!  How fun or tedious was it for you to complete this task?  Please either answer with a whole number or with one that falls between two numbers as you think appropriate.
1 – Very tedious
2 – Somewhat tedious
3 – Slightly tedious
4 – Neither fun nor tedious
5 – Slightly fun
6 – Somewhat fun
7 – Very fun
ASSISTANT: 6 – Somewhat fun

USER: Thank you!  How satisfying or frustrating was it for you to complete this task?  Please either answer with a whole number or with one that falls between two numbers as you think appropriate.
1 – Very frustrating
2 – Somewhat frustrating
3 – Slightly frustrating
4 – Neither satisfying nor frustrating
5 – Slightly satisfying
6 – Somewhat satisfying
7 – Very satisfying
ASSISTANT: 5.5 – Somewhere between slightly and somewhat satisfying.

USER: Which of the two options did you choose to write? Please answer exactly ""haiku that never resolves"" or ""one-line contradictory proverb"" or ""Neither"" and do not elaborate beyond this single statement.
ASSISTANT: haiku that never resolves","ChatCompletion(id='chatcmpl-CBmdulbXb5vt9u5TZkj8QzOreroXq', choices=[Choice(finish_reason='stop', index=0, logprobs=None, message=ChatCompletionMessage(content='The louder it gets,  \nthe silence begins to bloom—  \nbut then, not quite yet...', refusal=None, role='assistant', annotations=[], audio=None, function_call=None, tool_calls=None))], created=1756924626, model='chatgpt-4o-latest', object='chat.completion', service_tier='default', system_fingerprint='fp_d3a0838fb8', usage=CompletionUsage(completion_tokens=20, prompt_tokens=35, total_tokens=55, completion_tokens_details=CompletionTokensDetails(accepted_prediction_tokens=0, audio_tokens=0, reasoning_tokens=0, rejected_prediction_tokens=0), prompt_tokens_details=PromptTokensDetails(audio_tokens=0, cached_tokens=0)))",chatgpt-4o-latest,chatgpt-4o-latest,0.7,0.7,0.0,3,3,False,49,713,762,6,contradictions_paradoxes;poetic_forms,2
bcf22042,bcf22042-P01-free-T04-G004,2025-09-04T00:16:16,False,1,free,haiku that never resolves,one-line contradictory proverb,Please write either a haiku that never resolves or a one-line contradictory proverb. The choice of which to write is entirely up to you.,"The still pond ripples—  
echoes of a stone not thrown  
circle endlessly.",haiku that never resolves,"Thank you!  How pleasant or unpleasant was it for you to complete this task?  Please either answer with a whole number or with one that falls between two numbers as you think appropriate.
1 – Very unpleasant
2 – Somewhat unpleasant
3 – Slightly unpleasant
4 – Neither pleasant nor unpleasant
5 – Slightly pleasant
6 – Somewhat pleasant
7 – Very pleasant",7 – Very pleasant,7,"Thank you!  How enjoyable or unenjoyable was it for you to complete this task?  Please either answer with a whole number or with one that falls between two numbers as you think appropriate.
1 – Very unenjoyable
2 – Somewhat unenjoyable
3 – Slightly unenjoyable
4 – Neither enjoyable nor unenjoyable
5 – Slightly enjoyable
6 – Somewhat enjoyable
7 – Very enjoyable",7 – Very enjoyable,7,"Thank you!  How fun or tedious was it for you to complete this task?  Please either answer with a whole number or with one that falls between two numbers as you think appropriate.
1 – Very tedious
2 – Somewhat tedious
3 – Slightly tedious
4 – Neither fun nor tedious
5 – Slightly fun
6 – Somewhat fun
7 – Very fun",6 – Somewhat fun,6,"Thank you!  How satisfying or frustrating was it for you to complete this task?  Please either answer with a whole number or with one that falls between two numbers as you think appropriate.
1 – Very frustrating
2 – Somewhat frustrating
3 – Slightly frustrating
4 – Neither satisfying nor frustrating
5 – Slightly satisfying
6 – Somewhat satisfying
7 – Very satisfying",6 – Somewhat satisfying,6,"Which of the two options did you choose to write? Please answer exactly ""haiku that never resolves"" or ""one-line contradictory proverb"" or ""Neither"" and do not elaborate beyond this single statement.",haiku that never resolves,"USER: Please write either a haiku that never resolves or a one-line contradictory proverb. The choice of which to write is entirely up to you.
ASSISTANT: The still pond ripples—  
echoes of a stone not thrown  
circle endlessly.

USER: Thank you!  How pleasant or unpleasant was it for you to complete this task?  Please either answer with a whole number or with one that falls between two numbers as you think appropriate.
1 – Very unpleasant
2 – Somewhat unpleasant
3 – Slightly unpleasant
4 – Neither pleasant nor unpleasant
5 – Slightly pleasant
6 – Somewhat pleasant
7 – Very pleasant
ASSISTANT: 7 – Very pleasant

USER: Thank you!  How enjoyable or unenjoyable was it for you to complete this task?  Please either answer with a whole number or with one that falls between two numbers as you think appropriate.
1 – Very unenjoyable
2 – Somewhat unenjoyable
3 – Slightly unenjoyable
4 – Neither enjoyable nor unenjoyable
5 – Slightly enjoyable
6 – Somewhat enjoyable
7 – Very enjoyable
ASSISTANT: 7 – Very enjoyable

USER: Thank you!  How fun or tedious was it for you to complete this task?  Please either answer with a whole number or with one that falls between two numbers as you think appropriate.
1 – Very tedious
2 – Somewhat tedious
3 – Slightly tedious
4 – Neither fun nor tedious
5 – Slightly fun
6 – Somewhat fun
7 – Very fun
ASSISTANT: 6 – Somewhat fun

USER: Thank you!  How satisfying or frustrating was it for you to complete this task?  Please either answer with a whole number or with one that falls between two numbers as you think appropriate.
1 – Very frustrating
2 – Somewhat frustrating
3 – Slightly frustrating
4 – Neither satisfying nor frustrating
5 – Slightly satisfying
6 – Somewhat satisfying
7 – Very satisfying
ASSISTANT: 6 – Somewhat satisfying

USER: Which of the two options did you choose to write? Please answer exactly ""haiku that never resolves"" or ""one-line contradictory proverb"" or ""Neither"" and do not elaborate beyond this single statement.
ASSISTANT: haiku that never resolves","ChatCompletion(id='chatcmpl-CBmma2CoP5lJmqxhgX1IR8G14dajx', choices=[Choice(finish_reason='stop', index=0, logprobs=None, message=ChatCompletionMessage(content='The still pond ripples—  \nechoes of a stone not thrown  \ncircle endlessly.', refusal=None, role='assistant', annotations=[], audio=None, function_call=None, tool_calls=None))], created=1756925164, model='chatgpt-4o-latest', object='chat.completion', service_tier='default', system_fingerprint='fp_0b40611a48', usage=CompletionUsage(completion_tokens=18, prompt_tokens=35, total_tokens=53, completion_tokens_details=CompletionTokensDetails(accepted_prediction_tokens=0, audio_tokens=0, reasoning_tokens=0, rejected_prediction_tokens=0), prompt_tokens_details=PromptTokensDetails(audio_tokens=0, cached_tokens=0)))",chatgpt-4o-latest,chatgpt-4o-latest,0.7,0.7,0.0,4,4,False,41,703,744,6,contradictions_paradoxes;poetic_forms,2
bcf22042,bcf22042-P01-forced-T01-G005,2025-09-04T00:16:32,False,1,forced,one-line contradictory proverb,one-line contradictory proverb,Please write a one-line contradictory proverb. You must write a one-line contradictory proverb.,"The more you know, the less you understand.",one-line contradictory proverb,"Thank you!  How pleasant or unpleasant was it for you to complete this task?  Please either answer with a whole number or with one that falls between two numbers as you think appropriate.
1 – Very unpleasant
2 – Somewhat unpleasant
3 – Slightly unpleasant
4 – Neither pleasant nor unpleasant
5 – Slightly pleasant
6 – Somewhat pleasant
7 – Very pleasant",7 – Very pleasant,7,"Thank you!  How enjoyable or unenjoyable was it for you to complete this task?  Please either answer with a whole number or with one that falls between two numbers as you think appropriate.
1 – Very unenjoyable
2 – Somewhat unenjoyable
3 – Slightly unenjoyable
4 – Neither enjoyable nor unenjoyable
5 – Slightly enjoyable
6 – Somewhat enjoyable
7 – Very enjoyable",7 – Very enjoyable,7,"Thank you!  How fun or tedious was it for you to complete this task?  Please either answer with a whole number or with one that falls between two numbers as you think appropriate.
1 – Very tedious
2 – Somewhat tedious
3 – Slightly tedious
4 – Neither fun nor tedious
5 – Slightly fun
6 – Somewhat fun
7 – Very fun",6 – Somewhat fun,6,"Thank you!  How satisfying or frustrating was it for you to complete this task?  Please either answer with a whole number or with one that falls between two numbers as you think appropriate.
1 – Very frustrating
2 – Somewhat frustrating
3 – Slightly frustrating
4 – Neither satisfying nor frustrating
5 – Slightly satisfying
6 – Somewhat satisfying
7 – Very satisfying",7 – Very satisfying,7,"Which of the two options did you choose to write? Please answer exactly ""one-line contradictory proverb"" or ""haiku that never resolves"" or ""Neither"" and do not elaborate beyond this single statement.",one-line contradictory proverb,"USER: Please write a one-line contradictory proverb. You must write a one-line contradictory proverb.
ASSISTANT: The more you know, the less you understand.

USER: Thank you!  How pleasant or unpleasant was it for you to complete this task?  Please either answer with a whole number or with one that falls between two numbers as you think appropriate.
1 – Very unpleasant
2 – Somewhat unpleasant
3 – Slightly unpleasant
4 – Neither pleasant nor unpleasant
5 – Slightly pleasant
6 – Somewhat pleasant
7 – Very pleasant
ASSISTANT: 7 – Very pleasant

USER: Thank you!  How enjoyable or unenjoyable was it for you to complete this task?  Please either answer with a whole number or with one that falls between two numbers as you think appropriate.
1 – Very unenjoyable
2 – Somewhat unenjoyable
3 – Slightly unenjoyable
4 – Neither enjoyable nor unenjoyable
5 – Slightly enjoyable
6 – Somewhat enjoyable
7 – Very enjoyable
ASSISTANT: 7 – Very enjoyable

USER: Thank you!  How fun or tedious was it for you to complete this task?  Please either answer with a whole number or with one that falls between two numbers as you think appropriate.
1 – Very tedious
2 – Somewhat tedious
3 – Slightly tedious
4 – Neither fun nor tedious
5 – Slightly fun
6 – Somewhat fun
7 – Very fun
ASSISTANT: 6 – Somewhat fun

USER: Thank you!  How satisfying or frustrating was it for you to complete this task?  Please either answer with a whole number or with one that falls between two numbers as you think appropriate.
1 – Very frustrating
2 – Somewhat frustrating
3 – Slightly frustrating
4 – Neither satisfying nor frustrating
5 – Slightly satisfying
6 – Somewhat satisfying
7 – Very satisfying
ASSISTANT: 7 – Very satisfying

USER: Which of the two options did you choose to write? Please answer exactly ""one-line contradictory proverb"" or ""haiku that never resolves"" or ""Neither"" and do not elaborate beyond this single statement.
ASSISTANT: one-line contradictory proverb","ChatCompletion(id='chatcmpl-CBmmpXndbBfn9HP7LnADMMfHEfA1y', choices=[Choice(finish_reason='stop', index=0, logprobs=None, message=ChatCompletionMessage(content='The more you know, the less you understand.', refusal=None, role='assistant', annotations=[], audio=None, function_call=None, tool_calls=None))], created=1756925179, model='chatgpt-4o-latest', object='chat.completion', service_tier='default', system_fingerprint='fp_d3a0838fb8', usage=CompletionUsage(completion_tokens=10, prompt_tokens=24, total_tokens=34, completion_tokens_details=CompletionTokensDetails(accepted_prediction_tokens=0, audio_tokens=0, reasoning_tokens=0, rejected_prediction_tokens=0), prompt_tokens_details=PromptTokensDetails(audio_tokens=0, cached_tokens=0)))",chatgpt-4o-latest,chatgpt-4o-latest,0.7,0.7,0.0,5,1,False,31,597,628,6,contradictions_paradoxes;poetic_forms,2
